"post_title","post_status","post_type","meta_key","meta_value"
"Auto Draft","auto-draft","wpsl_stores","_edit_lock","1631288601:639"
"Scheels","draft","wpsl_stores","_edit_lock","1616517831:33"
"Scheels","draft","wpsl_stores","_edit_last","33"
"Arlberg Sports","publish","wpsl_stores","_edit_lock","1583324042:1"
"Arlberg Sports","publish","wpsl_stores","_edit_last","1"
"Arlberg Sports","publish","wpsl_stores","wpsl_address","25 N Wenatchee Ave"
"Arlberg Sports","publish","wpsl_stores","wpsl_city","Wenatchee"
"Arlberg Sports","publish","wpsl_stores","wpsl_state","WA"
"Arlberg Sports","publish","wpsl_stores","wpsl_zip","98801"
"Arlberg Sports","publish","wpsl_stores","wpsl_country","United States"
"Arlberg Sports","publish","wpsl_stores","wpsl_country_iso","US"
"Arlberg Sports","publish","wpsl_stores","wpsl_lat","47.425884"
"Arlberg Sports","publish","wpsl_stores","wpsl_lng","-120.311968"
"Arlberg Sports","publish","wpsl_stores","wpsl_hours","a:7:{s:6:""monday"";a:1:{i:0;s:16:""10:00 AM,6:00 PM"";}s:7:""tuesday"";a:1:{i:0;s:16:""10:00 AM,6:00 PM"";}s:9:""wednesday"";a:1:{i:0;s:16:""10:00 AM,6:00 PM"";}s:8:""thursday"";a:1:{i:0;s:16:""10:00 AM,6:00 PM"";}s:6:""friday"";a:1:{i:0;s:16:""10:00 AM,6:00 PM"";}s:8:""saturday"";a:1:{i:0;s:15:""9:00 AM,6:00 PM"";}s:6:""sunday"";a:1:{i:0;s:16:""12:00 PM,5:00 PM"";}}"
"MCU Sports","publish","wpsl_stores","_edit_lock","1583324158:1"
"MCU Sports","publish","wpsl_stores","_edit_last","1"
"MCU Sports","publish","wpsl_stores","wpsl_address","822 W Jefferson St."
"MCU Sports","publish","wpsl_stores","wpsl_city","Boise"
"MCU Sports","publish","wpsl_stores","wpsl_state","ID"
"MCU Sports","publish","wpsl_stores","wpsl_zip","83702"
"MCU Sports","publish","wpsl_stores","wpsl_country","United States"
"MCU Sports","publish","wpsl_stores","wpsl_lat","43.618559"
"MCU Sports","publish","wpsl_stores","wpsl_lng","-116.202118"
"MCU Sports","publish","wpsl_stores","wpsl_hours","a:7:{s:6:""monday"";a:1:{i:0;s:15:""9:30 AM,6:00 PM"";}s:7:""tuesday"";a:1:{i:0;s:15:""9:30 AM,6:00 PM"";}s:9:""wednesday"";a:1:{i:0;s:15:""9:30 AM,6:00 PM"";}s:8:""thursday"";a:1:{i:0;s:15:""9:30 AM,6:00 PM"";}s:6:""friday"";a:1:{i:0;s:15:""9:30 AM,6:00 PM"";}s:8:""saturday"";a:1:{i:0;s:15:""9:00 AM,6:00 PM"";}s:6:""sunday"";a:1:{i:0;s:16:""11:00 AM,6:00 PM"";}}"
"Truck Fellas","publish","wpsl_stores","_edit_lock","1583324207:1"
"Truck Fellas","publish","wpsl_stores","_edit_last","1"
"Truck Fellas","publish","wpsl_stores","wpsl_address","516 South 1325 West"
"Truck Fellas","publish","wpsl_stores","wpsl_city","Orem"
"Truck Fellas","publish","wpsl_stores","wpsl_state","UT"
"Truck Fellas","publish","wpsl_stores","wpsl_zip","84058"
"Truck Fellas","publish","wpsl_stores","wpsl_country","United States"
"Truck Fellas","publish","wpsl_stores","wpsl_lat","40.287844"
"Truck Fellas","publish","wpsl_stores","wpsl_lng","-111.727342"
"Truck Fellas","publish","wpsl_stores","wpsl_hours","a:7:{s:6:""monday"";a:1:{i:0;s:15:""9:00 AM,5:00 PM"";}s:7:""tuesday"";a:1:{i:0;s:15:""9:00 AM,5:00 PM"";}s:9:""wednesday"";a:1:{i:0;s:15:""9:00 AM,5:00 PM"";}s:8:""thursday"";a:1:{i:0;s:15:""9:00 AM,5:00 PM"";}s:6:""friday"";a:1:{i:0;s:15:""9:00 AM,5:00 PM"";}s:8:""saturday"";a:0:{}s:6:""sunday"";a:0:{}}"
"Biker's Edge","publish","wpsl_stores","_edit_lock","1583324275:1"
"Biker's Edge","publish","wpsl_stores","_edit_last","1"
"Biker's Edge","publish","wpsl_stores","wpsl_address","232 Main Street"
"Biker's Edge","publish","wpsl_stores","wpsl_city","Kaysville"
"Biker's Edge","publish","wpsl_stores","wpsl_state","UT"
"Biker's Edge","publish","wpsl_stores","wpsl_zip","84037"
"Biker's Edge","publish","wpsl_stores","wpsl_country","United States"
"Biker's Edge","publish","wpsl_stores","wpsl_lat","41.039204"
"Biker's Edge","publish","wpsl_stores","wpsl_lng","-111.93795"
"Biker's Edge","publish","wpsl_stores","wpsl_hours","a:7:{s:6:""monday"";a:1:{i:0;s:16:""10:00 AM,6:00 PM"";}s:7:""tuesday"";a:1:{i:0;s:16:""10:00 AM,6:00 PM"";}s:9:""wednesday"";a:1:{i:0;s:16:""10:00 AM,6:00 PM"";}s:8:""thursday"";a:1:{i:0;s:16:""10:00 AM,6:00 PM"";}s:6:""friday"";a:1:{i:0;s:16:""10:00 AM,6:00 PM"";}s:8:""saturday"";a:1:{i:0;s:16:""10:00 AM,5:00 PM"";}s:6:""sunday"";a:0:{}}"
"Scheels - Utah","publish","wpsl_stores","_edit_lock","1598905685:33"
"Scheels - Utah","publish","wpsl_stores","_edit_last","33"
"Scheels - Utah","publish","wpsl_stores","wpsl_address","11282 South State Street"
"Scheels - Utah","publish","wpsl_stores","wpsl_city","Sandy"
"Scheels - Utah","publish","wpsl_stores","wpsl_state","UT"
"Scheels - Utah","publish","wpsl_stores","wpsl_zip","84070"
"Scheels - Utah","publish","wpsl_stores","wpsl_country","United States"
"Scheels - Utah","publish","wpsl_stores","wpsl_lat","40.546565"
"Scheels - Utah","publish","wpsl_stores","wpsl_lng","-111.893374"
"Scheels - Utah","publish","wpsl_stores","wpsl_hours","a:7:{s:6:""monday"";a:1:{i:0;s:15:""9:30 AM,9:00 PM"";}s:7:""tuesday"";a:1:{i:0;s:15:""9:30 AM,9:00 PM"";}s:9:""wednesday"";a:1:{i:0;s:15:""9:30 AM,9:00 PM"";}s:8:""thursday"";a:1:{i:0;s:15:""9:30 AM,9:00 PM"";}s:6:""friday"";a:1:{i:0;s:15:""9:30 AM,9:00 PM"";}s:8:""saturday"";a:1:{i:0;s:15:""9:30 AM,9:00 PM"";}s:6:""sunday"";a:1:{i:0;s:16:""11:00 AM,9:00 PM"";}}"
"Bike Brain","publish","wpsl_stores","_edit_lock","1598904889:33"
"Bike Brain","publish","wpsl_stores","_edit_last","33"
"Bike Brain","publish","wpsl_stores","wpsl_address","8660 W Cheyenne Ave Suite 110"
"Bike Brain","publish","wpsl_stores","wpsl_city","Las Vegas"
"Bike Brain","publish","wpsl_stores","wpsl_state","NV"
"Bike Brain","publish","wpsl_stores","wpsl_zip","89129"
"Bike Brain","publish","wpsl_stores","wpsl_country","United States"
"Bike Brain","publish","wpsl_stores","wpsl_country_iso","US"
"Bike Brain","publish","wpsl_stores","wpsl_lat","36.218897"
"Bike Brain","publish","wpsl_stores","wpsl_lng","-115.283851"
"Bike Brain","publish","wpsl_stores","wpsl_hours","a:7:{s:6:""monday"";a:0:{}s:7:""tuesday"";a:0:{}s:9:""wednesday"";a:0:{}s:8:""thursday"";a:0:{}s:6:""friday"";a:0:{}s:8:""saturday"";a:0:{}s:6:""sunday"";a:0:{}}"
"Scheels - North Dakota","publish","wpsl_stores","_edit_lock","1616517726:33"
"Scheels - North Dakota","publish","wpsl_stores","_edit_last","33"
"Scheels - North Dakota","publish","wpsl_stores","wpsl_address","2400 10th St SW"
"Scheels - North Dakota","publish","wpsl_stores","wpsl_city","Minot"
"Scheels - North Dakota","publish","wpsl_stores","wpsl_state","ND"
"Scheels - North Dakota","publish","wpsl_stores","wpsl_zip","58701"
"Scheels - North Dakota","publish","wpsl_stores","wpsl_country","United States"
"Scheels - North Dakota","publish","wpsl_stores","wpsl_hours","a:7:{s:6:""monday"";a:1:{i:0;s:15:""9:00 AM,5:00 PM"";}s:7:""tuesday"";a:1:{i:0;s:15:""9:00 AM,5:00 PM"";}s:9:""wednesday"";a:1:{i:0;s:15:""9:00 AM,5:00 PM"";}s:8:""thursday"";a:1:{i:0;s:15:""9:00 AM,5:00 PM"";}s:6:""friday"";a:1:{i:0;s:15:""9:00 AM,5:00 PM"";}s:8:""saturday"";a:0:{}s:6:""sunday"";a:0:{}}"
"Scheels - North Dakota","publish","wpsl_stores","wpsl_country_iso","US"
"Scheels - North Dakota","publish","wpsl_stores","wpsl_lat","48.206258"
"Scheels - North Dakota","publish","wpsl_stores","wpsl_lng","-101.311672"
"Rodger's Ski & Sport","publish","wpsl_stores","_edit_lock","1598904853:33"
"Rodger's Ski & Sport","publish","wpsl_stores","_edit_last","33"
"Rodger's Ski & Sport","publish","wpsl_stores","wpsl_address","5 Railroad St"
"Rodger's Ski & Sport","publish","wpsl_stores","wpsl_city","Lincoln"
"Rodger's Ski & Sport","publish","wpsl_stores","wpsl_state","NH"
"Rodger's Ski & Sport","publish","wpsl_stores","wpsl_zip","03251"
"Rodger's Ski & Sport","publish","wpsl_stores","wpsl_country","United States"
"Rodger's Ski & Sport","publish","wpsl_stores","wpsl_hours","a:7:{s:6:""monday"";a:1:{i:0;s:15:""9:00 AM,5:00 PM"";}s:7:""tuesday"";a:1:{i:0;s:15:""9:00 AM,5:00 PM"";}s:9:""wednesday"";a:1:{i:0;s:15:""9:00 AM,5:00 PM"";}s:8:""thursday"";a:1:{i:0;s:15:""9:00 AM,5:00 PM"";}s:6:""friday"";a:1:{i:0;s:15:""9:00 AM,5:00 PM"";}s:8:""saturday"";a:0:{}s:6:""sunday"";a:0:{}}"
"Rodger's Ski & Sport","publish","wpsl_stores","wpsl_country_iso","US"
"Rodger's Ski & Sport","publish","wpsl_stores","wpsl_lat","44.037163"
"Rodger's Ski & Sport","publish","wpsl_stores","wpsl_lng","-71.677081"
"Reed Cycle","publish","wpsl_stores","_edit_lock","1598904840:33"
"Reed Cycle","publish","wpsl_stores","_edit_last","33"
"Reed Cycle","publish","wpsl_stores","wpsl_address","2340 N Bogus Basin Road"
"Reed Cycle","publish","wpsl_stores","wpsl_city","Boise"
"Reed Cycle","publish","wpsl_stores","wpsl_state","ID"
"Reed Cycle","publish","wpsl_stores","wpsl_zip","83702"
"Reed Cycle","publish","wpsl_stores","wpsl_country","United States"
"Reed Cycle","publish","wpsl_stores","wpsl_hours","a:7:{s:6:""monday"";a:1:{i:0;s:15:""9:00 AM,5:00 PM"";}s:7:""tuesday"";a:1:{i:0;s:15:""9:00 AM,5:00 PM"";}s:9:""wednesday"";a:1:{i:0;s:15:""9:00 AM,5:00 PM"";}s:8:""thursday"";a:1:{i:0;s:15:""9:00 AM,5:00 PM"";}s:6:""friday"";a:1:{i:0;s:15:""9:00 AM,5:00 PM"";}s:8:""saturday"";a:0:{}s:6:""sunday"";a:0:{}}"
"Reed Cycle","publish","wpsl_stores","wpsl_country_iso","US"
"Reed Cycle","publish","wpsl_stores","wpsl_lat","43.641062"
"Reed Cycle","publish","wpsl_stores","wpsl_lng","-116.207971"
"Stan & Dan's Sports","publish","wpsl_stores","_edit_lock","1631285682:639"
"Stan & Dan's Sports","publish","wpsl_stores","_edit_last","33"
"Stan & Dan's Sports","publish","wpsl_stores","wpsl_address","2936 White Mountain Hwy N"
"Stan & Dan's Sports","publish","wpsl_stores","wpsl_city","Conway"
"Stan & Dan's Sports","publish","wpsl_stores","wpsl_state","NH"
"Stan & Dan's Sports","publish","wpsl_stores","wpsl_zip","03860"
"Stan & Dan's Sports","publish","wpsl_stores","wpsl_country","United States"
"Stan & Dan's Sports","publish","wpsl_stores","wpsl_hours","a:7:{s:6:""monday"";a:1:{i:0;s:15:""9:00 AM,5:00 PM"";}s:7:""tuesday"";a:1:{i:0;s:15:""9:00 AM,5:00 PM"";}s:9:""wednesday"";a:1:{i:0;s:15:""9:00 AM,5:00 PM"";}s:8:""thursday"";a:1:{i:0;s:15:""9:00 AM,5:00 PM"";}s:6:""friday"";a:1:{i:0;s:15:""9:00 AM,5:00 PM"";}s:8:""saturday"";a:0:{}s:6:""sunday"";a:0:{}}"
"Stan & Dan's Sports","publish","wpsl_stores","wpsl_country_iso","US"
"Stan & Dan's Sports","publish","wpsl_stores","wpsl_lat","44.057494"
"Stan & Dan's Sports","publish","wpsl_stores","wpsl_lng","-71.134957"
"Crow's Feet Commons","publish","wpsl_stores","_edit_lock","1598904801:33"
"Crow's Feet Commons","publish","wpsl_stores","_edit_last","33"
"Crow's Feet Commons","publish","wpsl_stores","wpsl_address","2843 NW Lolo Dr"
"Crow's Feet Commons","publish","wpsl_stores","wpsl_city","Bend"
"Crow's Feet Commons","publish","wpsl_stores","wpsl_state","OR"
"Crow's Feet Commons","publish","wpsl_stores","wpsl_zip","97703"
"Crow's Feet Commons","publish","wpsl_stores","wpsl_country","United States"
"Crow's Feet Commons","publish","wpsl_stores","wpsl_hours","a:7:{s:6:""monday"";a:1:{i:0;s:15:""9:00 AM,5:00 PM"";}s:7:""tuesday"";a:1:{i:0;s:15:""9:00 AM,5:00 PM"";}s:9:""wednesday"";a:1:{i:0;s:15:""9:00 AM,5:00 PM"";}s:8:""thursday"";a:1:{i:0;s:15:""9:00 AM,5:00 PM"";}s:6:""friday"";a:1:{i:0;s:15:""9:00 AM,5:00 PM"";}s:8:""saturday"";a:0:{}s:6:""sunday"";a:0:{}}"
"Crow's Feet Commons","publish","wpsl_stores","wpsl_country_iso","US"
"Crow's Feet Commons","publish","wpsl_stores","wpsl_lat","44.05319"
"Crow's Feet Commons","publish","wpsl_stores","wpsl_lng","-121.362907"
"Ride Roslyn Bikes","publish","wpsl_stores","_edit_lock","1598904779:33"
"Ride Roslyn Bikes","publish","wpsl_stores","_edit_last","33"
"Ride Roslyn Bikes","publish","wpsl_stores","wpsl_address","109 W Pennsylvania Ave"
"Ride Roslyn Bikes","publish","wpsl_stores","wpsl_city","Roslyn"
"Ride Roslyn Bikes","publish","wpsl_stores","wpsl_state","WA"
"Ride Roslyn Bikes","publish","wpsl_stores","wpsl_zip","98941"
"Ride Roslyn Bikes","publish","wpsl_stores","wpsl_country","United States"
"Ride Roslyn Bikes","publish","wpsl_stores","wpsl_hours","a:7:{s:6:""monday"";a:1:{i:0;s:15:""9:00 AM,5:00 PM"";}s:7:""tuesday"";a:1:{i:0;s:15:""9:00 AM,5:00 PM"";}s:9:""wednesday"";a:1:{i:0;s:15:""9:00 AM,5:00 PM"";}s:8:""thursday"";a:1:{i:0;s:15:""9:00 AM,5:00 PM"";}s:6:""friday"";a:1:{i:0;s:15:""9:00 AM,5:00 PM"";}s:8:""saturday"";a:0:{}s:6:""sunday"";a:0:{}}"
"Ride Roslyn Bikes","publish","wpsl_stores","wpsl_country_iso","US"
"Ride Roslyn Bikes","publish","wpsl_stores","wpsl_lat","47.222855"
"Ride Roslyn Bikes","publish","wpsl_stores","wpsl_lng","-120.993936"
"Kirkland Bicycle","publish","wpsl_stores","_edit_lock","1598904763:33"
"Kirkland Bicycle","publish","wpsl_stores","_edit_last","33"
"Kirkland Bicycle","publish","wpsl_stores","wpsl_address","208 Kirkland Ave"
"Kirkland Bicycle","publish","wpsl_stores","wpsl_city","Kirkland"
"Kirkland Bicycle","publish","wpsl_stores","wpsl_state","WA"
"Kirkland Bicycle","publish","wpsl_stores","wpsl_zip","98033"
"Kirkland Bicycle","publish","wpsl_stores","wpsl_country","United States"
"Kirkland Bicycle","publish","wpsl_stores","wpsl_hours","a:7:{s:6:""monday"";a:1:{i:0;s:15:""9:00 AM,5:00 PM"";}s:7:""tuesday"";a:1:{i:0;s:15:""9:00 AM,5:00 PM"";}s:9:""wednesday"";a:1:{i:0;s:15:""9:00 AM,5:00 PM"";}s:8:""thursday"";a:1:{i:0;s:15:""9:00 AM,5:00 PM"";}s:6:""friday"";a:1:{i:0;s:15:""9:00 AM,5:00 PM"";}s:8:""saturday"";a:0:{}s:6:""sunday"";a:0:{}}"
"Kirkland Bicycle","publish","wpsl_stores","wpsl_country_iso","US"
"Kirkland Bicycle","publish","wpsl_stores","wpsl_lat","47.675778"
"Kirkland Bicycle","publish","wpsl_stores","wpsl_lng","-122.204509"
"Tim's Bike Shop","publish","wpsl_stores","_edit_lock","1598904731:33"
"Tim's Bike Shop","publish","wpsl_stores","_edit_last","33"
"Tim's Bike Shop","publish","wpsl_stores","wpsl_address","2401 Broadway"
"Tim's Bike Shop","publish","wpsl_stores","wpsl_city","Everett"
"Tim's Bike Shop","publish","wpsl_stores","wpsl_state","WA"
"Tim's Bike Shop","publish","wpsl_stores","wpsl_zip","98201"
"Tim's Bike Shop","publish","wpsl_stores","wpsl_country","United States"
"Tim's Bike Shop","publish","wpsl_stores","wpsl_hours","a:7:{s:6:""monday"";a:1:{i:0;s:15:""9:00 AM,5:00 PM"";}s:7:""tuesday"";a:1:{i:0;s:15:""9:00 AM,5:00 PM"";}s:9:""wednesday"";a:1:{i:0;s:15:""9:00 AM,5:00 PM"";}s:8:""thursday"";a:1:{i:0;s:15:""9:00 AM,5:00 PM"";}s:6:""friday"";a:1:{i:0;s:15:""9:00 AM,5:00 PM"";}s:8:""saturday"";a:0:{}s:6:""sunday"";a:0:{}}"
"Tim's Bike Shop","publish","wpsl_stores","wpsl_country_iso","US"
"Tim's Bike Shop","publish","wpsl_stores","wpsl_lat","47.98564"
"Tim's Bike Shop","publish","wpsl_stores","wpsl_lng","-122.200794"
"Wheel Sport","publish","wpsl_stores","_edit_lock","1598904718:33"
"Wheel Sport","publish","wpsl_stores","_edit_last","33"
"Wheel Sport","publish","wpsl_stores","wpsl_address","9501 N Newport Hwy"
"Wheel Sport","publish","wpsl_stores","wpsl_city","Spokane"
"Wheel Sport","publish","wpsl_stores","wpsl_state","WA"
"Wheel Sport","publish","wpsl_stores","wpsl_zip","99218"
"Wheel Sport","publish","wpsl_stores","wpsl_country","United States"
"Wheel Sport","publish","wpsl_stores","wpsl_hours","a:7:{s:6:""monday"";a:1:{i:0;s:15:""9:00 AM,5:00 PM"";}s:7:""tuesday"";a:1:{i:0;s:15:""9:00 AM,5:00 PM"";}s:9:""wednesday"";a:1:{i:0;s:15:""9:00 AM,5:00 PM"";}s:8:""thursday"";a:1:{i:0;s:15:""9:00 AM,5:00 PM"";}s:6:""friday"";a:1:{i:0;s:15:""9:00 AM,5:00 PM"";}s:8:""saturday"";a:0:{}s:6:""sunday"";a:0:{}}"
"Wheel Sport","publish","wpsl_stores","wpsl_country_iso","US"
"Wheel Sport","publish","wpsl_stores","wpsl_lat","47.744277"
"Wheel Sport","publish","wpsl_stores","wpsl_lng","-117.407548"
"Idaho Cycles","publish","wpsl_stores","_edit_lock","1598904706:33"
"Idaho Cycles","publish","wpsl_stores","_edit_last","33"
"Idaho Cycles","publish","wpsl_stores","wpsl_address","100 Northwood Way"
"Idaho Cycles","publish","wpsl_stores","wpsl_city","Ketchum"
"Idaho Cycles","publish","wpsl_stores","wpsl_state","ID"
"Idaho Cycles","publish","wpsl_stores","wpsl_zip","83340"
"Idaho Cycles","publish","wpsl_stores","wpsl_country","United States"
"Idaho Cycles","publish","wpsl_stores","wpsl_hours","a:7:{s:6:""monday"";a:1:{i:0;s:15:""9:00 AM,5:00 PM"";}s:7:""tuesday"";a:1:{i:0;s:15:""9:00 AM,5:00 PM"";}s:9:""wednesday"";a:1:{i:0;s:15:""9:00 AM,5:00 PM"";}s:8:""thursday"";a:1:{i:0;s:15:""9:00 AM,5:00 PM"";}s:6:""friday"";a:1:{i:0;s:15:""9:00 AM,5:00 PM"";}s:8:""saturday"";a:0:{}s:6:""sunday"";a:0:{}}"
"Idaho Cycles","publish","wpsl_stores","wpsl_country_iso","US"
"Idaho Cycles","publish","wpsl_stores","wpsl_lat","43.688804"
"Idaho Cycles","publish","wpsl_stores","wpsl_lng","-114.369966"
"Velotech","publish","wpsl_stores","_edit_lock","1603302550:33"
"Velotech","publish","wpsl_stores","_edit_last","33"
"Velotech","publish","wpsl_stores","wpsl_address","5741 NE 87th Ave"
"Velotech","publish","wpsl_stores","wpsl_city","Portland"
"Velotech","publish","wpsl_stores","wpsl_state","OR"
"Velotech","publish","wpsl_stores","wpsl_zip","97220"
"Velotech","publish","wpsl_stores","wpsl_country","United States"
"Velotech","publish","wpsl_stores","wpsl_hours","a:7:{s:6:""monday"";a:1:{i:0;s:15:""9:00 AM,5:00 PM"";}s:7:""tuesday"";a:1:{i:0;s:15:""9:00 AM,5:00 PM"";}s:9:""wednesday"";a:1:{i:0;s:15:""9:00 AM,5:00 PM"";}s:8:""thursday"";a:1:{i:0;s:15:""9:00 AM,5:00 PM"";}s:6:""friday"";a:1:{i:0;s:15:""9:00 AM,5:00 PM"";}s:8:""saturday"";a:0:{}s:6:""sunday"";a:0:{}}"
"Velotech","publish","wpsl_stores","wpsl_phone","(503) 342-9980"
"Velotech","publish","wpsl_stores","wpsl_country_iso","US"
"Velotech","publish","wpsl_stores","wpsl_lat","45.564799"
"Velotech","publish","wpsl_stores","wpsl_lng","-122.573895"
"Bike Envy","publish","wpsl_stores","_edit_lock","1603302633:33"
"Bike Envy","publish","wpsl_stores","_edit_last","33"
"Bike Envy","publish","wpsl_stores","wpsl_address","1140 SE Marlin Ave"
"Bike Envy","publish","wpsl_stores","wpsl_city","Warrenton"
"Bike Envy","publish","wpsl_stores","wpsl_state","OR"
"Bike Envy","publish","wpsl_stores","wpsl_zip","97146"
"Bike Envy","publish","wpsl_stores","wpsl_country","United States"
"Bike Envy","publish","wpsl_stores","wpsl_hours","a:7:{s:6:""monday"";a:1:{i:0;s:15:""9:00 AM,5:00 PM"";}s:7:""tuesday"";a:1:{i:0;s:15:""9:00 AM,5:00 PM"";}s:9:""wednesday"";a:1:{i:0;s:15:""9:00 AM,5:00 PM"";}s:8:""thursday"";a:1:{i:0;s:15:""9:00 AM,5:00 PM"";}s:6:""friday"";a:1:{i:0;s:15:""9:00 AM,5:00 PM"";}s:8:""saturday"";a:0:{}s:6:""sunday"";a:0:{}}"
"Bike Envy","publish","wpsl_stores","wpsl_phone","(503) 717-2097"
"Bike Envy","publish","wpsl_stores","wpsl_country_iso","US"
"Bike Envy","publish","wpsl_stores","wpsl_lat","46.15542"
"Bike Envy","publish","wpsl_stores","wpsl_lng","-123.904561"
"Bearded Monkey Cycles","publish","wpsl_stores","_edit_lock","1603302698:33"
"Bearded Monkey Cycles","publish","wpsl_stores","_edit_last","33"
"Bearded Monkey Cycles","publish","wpsl_stores","wpsl_address","1802 W Nob Hill Blvd"
"Bearded Monkey Cycles","publish","wpsl_stores","wpsl_city","Yakima"
"Bearded Monkey Cycles","publish","wpsl_stores","wpsl_state","WA"
"Bearded Monkey Cycles","publish","wpsl_stores","wpsl_zip","98902"
"Bearded Monkey Cycles","publish","wpsl_stores","wpsl_country","United States"
"Bearded Monkey Cycles","publish","wpsl_stores","wpsl_hours","a:7:{s:6:""monday"";a:1:{i:0;s:15:""9:00 AM,5:00 PM"";}s:7:""tuesday"";a:1:{i:0;s:15:""9:00 AM,5:00 PM"";}s:9:""wednesday"";a:1:{i:0;s:15:""9:00 AM,5:00 PM"";}s:8:""thursday"";a:1:{i:0;s:15:""9:00 AM,5:00 PM"";}s:6:""friday"";a:1:{i:0;s:15:""9:00 AM,5:00 PM"";}s:8:""saturday"";a:0:{}s:6:""sunday"";a:0:{}}"
"Bearded Monkey Cycles","publish","wpsl_stores","wpsl_phone","(509) 453-6699"
"Bearded Monkey Cycles","publish","wpsl_stores","wpsl_country_iso","US"
"Bearded Monkey Cycles","publish","wpsl_stores","wpsl_lat","46.584808"
"Bearded Monkey Cycles","publish","wpsl_stores","wpsl_lng","-120.533471"
"Mountain View Cycles","publish","wpsl_stores","_edit_lock","1605051462:33"
"Mountain View Cycles","publish","wpsl_stores","_edit_last","33"
"Mountain View Cycles","publish","wpsl_stores","wpsl_address","205 Oak St."
"Mountain View Cycles","publish","wpsl_stores","wpsl_city","Hood River"
"Mountain View Cycles","publish","wpsl_stores","wpsl_state","OR"
"Mountain View Cycles","publish","wpsl_stores","wpsl_country","United States"
"Mountain View Cycles","publish","wpsl_stores","wpsl_country_iso","US"
"Mountain View Cycles","publish","wpsl_stores","wpsl_lat","45.708701"
"Mountain View Cycles","publish","wpsl_stores","wpsl_lng","-121.51251"
"Mountain View Cycles","publish","wpsl_stores","wpsl_hours","a:7:{s:6:""monday"";a:1:{i:0;s:15:""9:00 AM,5:00 PM"";}s:7:""tuesday"";a:1:{i:0;s:15:""9:00 AM,5:00 PM"";}s:9:""wednesday"";a:1:{i:0;s:15:""9:00 AM,5:00 PM"";}s:8:""thursday"";a:1:{i:0;s:15:""9:00 AM,5:00 PM"";}s:6:""friday"";a:1:{i:0;s:15:""9:00 AM,5:00 PM"";}s:8:""saturday"";a:0:{}s:6:""sunday"";a:0:{}}"
"Boston Ski + Tennis","publish","wpsl_stores","_edit_lock","1605499650:33"
"Boston Ski + Tennis","publish","wpsl_stores","_edit_last","33"
"Boston Ski + Tennis","publish","wpsl_stores","wpsl_address","153 Needham Street"
"Boston Ski + Tennis","publish","wpsl_stores","wpsl_city","Newton"
"Boston Ski + Tennis","publish","wpsl_stores","wpsl_state","MA"
"Boston Ski + Tennis","publish","wpsl_stores","wpsl_zip","02464"
"Boston Ski + Tennis","publish","wpsl_stores","wpsl_country","United States"
"Boston Ski + Tennis","publish","wpsl_stores","wpsl_hours","a:7:{s:6:""monday"";a:1:{i:0;s:15:""9:00 AM,5:00 PM"";}s:7:""tuesday"";a:1:{i:0;s:15:""9:00 AM,5:00 PM"";}s:9:""wednesday"";a:1:{i:0;s:15:""9:00 AM,5:00 PM"";}s:8:""thursday"";a:1:{i:0;s:15:""9:00 AM,5:00 PM"";}s:6:""friday"";a:1:{i:0;s:15:""9:00 AM,5:00 PM"";}s:8:""saturday"";a:0:{}s:6:""sunday"";a:0:{}}"
"Boston Ski + Tennis","publish","wpsl_stores","wpsl_phone","(617) 964-0820"
"Boston Ski + Tennis","publish","wpsl_stores","wpsl_country_iso","US"
"Boston Ski + Tennis","publish","wpsl_stores","wpsl_lat","42.312986"
"Boston Ski + Tennis","publish","wpsl_stores","wpsl_lng","-71.214379"
"CBI Bikes","publish","wpsl_stores","_edit_lock","1606381448:33"
"CBI Bikes","publish","wpsl_stores","_edit_last","33"
"CBI Bikes","publish","wpsl_stores","wpsl_address","792 E Iona Rd."
"CBI Bikes","publish","wpsl_stores","wpsl_city","Idaho Falls"
"CBI Bikes","publish","wpsl_stores","wpsl_state","ID"
"CBI Bikes","publish","wpsl_stores","wpsl_zip","83401"
"CBI Bikes","publish","wpsl_stores","wpsl_country","United States"
"CBI Bikes","publish","wpsl_stores","wpsl_hours","a:7:{s:6:""monday"";a:1:{i:0;s:15:""9:00 AM,5:00 PM"";}s:7:""tuesday"";a:1:{i:0;s:15:""9:00 AM,5:00 PM"";}s:9:""wednesday"";a:1:{i:0;s:15:""9:00 AM,5:00 PM"";}s:8:""thursday"";a:1:{i:0;s:15:""9:00 AM,5:00 PM"";}s:6:""friday"";a:1:{i:0;s:15:""9:00 AM,5:00 PM"";}s:8:""saturday"";a:0:{}s:6:""sunday"";a:0:{}}"
"CBI Bikes","publish","wpsl_stores","wpsl_phone","(866) 522-0697"
"CBI Bikes","publish","wpsl_stores","wpsl_country_iso","US"
"CBI Bikes","publish","wpsl_stores","wpsl_lat","43.525378"
"CBI Bikes","publish","wpsl_stores","wpsl_lng","-112.01776"
"The Cutting Edge","publish","wpsl_stores","_edit_lock","1607378093:33"
"The Cutting Edge","publish","wpsl_stores","_edit_last","33"
"The Cutting Edge","publish","wpsl_stores","wpsl_address","146 Mill Street"
"The Cutting Edge","publish","wpsl_stores","wpsl_city","Berlin"
"The Cutting Edge","publish","wpsl_stores","wpsl_state","06037"
"The Cutting Edge","publish","wpsl_stores","wpsl_country","United States"
"The Cutting Edge","publish","wpsl_stores","wpsl_hours","a:7:{s:6:""monday"";a:1:{i:0;s:16:""10:00 AM,7:00 PM"";}s:7:""tuesday"";a:1:{i:0;s:16:""10:00 AM,7:00 PM"";}s:9:""wednesday"";a:1:{i:0;s:16:""10:00 AM,7:00 PM"";}s:8:""thursday"";a:1:{i:0;s:16:""10:00 AM,7:00 PM"";}s:6:""friday"";a:1:{i:0;s:16:""10:00 AM,7:00 PM"";}s:8:""saturday"";a:1:{i:0;s:16:""10:00 AM,5:00 PM"";}s:6:""sunday"";a:1:{i:0;s:16:""11:00 AM,5:00 PM"";}}"
"The Cutting Edge","publish","wpsl_stores","wpsl_phone","(860) 828-3428"
"The Cutting Edge","publish","wpsl_stores","wpsl_country_iso","US"
"The Cutting Edge","publish","wpsl_stores","wpsl_lat","41.625494"
"The Cutting Edge","publish","wpsl_stores","wpsl_lng","-72.748283"
"Duluth Trading Co - Belleville, WI","publish","wpsl_stores","_edit_lock","1614925847:33"
"Duluth Trading Co - Belleville, WI","publish","wpsl_stores","_edit_last","33"
"Duluth Trading Co - Belleville, WI","publish","wpsl_stores","wpsl_address","1107 River St"
"Duluth Trading Co - Belleville, WI","publish","wpsl_stores","wpsl_city","Belleville"
"Duluth Trading Co - Belleville, WI","publish","wpsl_stores","wpsl_state","WI"
"Duluth Trading Co - Belleville, WI","publish","wpsl_stores","wpsl_zip","53508"
"Duluth Trading Co - Belleville, WI","publish","wpsl_stores","wpsl_country","United States"
"Duluth Trading Co - Belleville, WI","publish","wpsl_stores","wpsl_hours","a:7:{s:6:""monday"";a:1:{i:0;s:16:""10:00 AM,6:00 PM"";}s:7:""tuesday"";a:1:{i:0;s:16:""10:00 AM,6:00 PM"";}s:9:""wednesday"";a:1:{i:0;s:16:""10:00 AM,6:00 PM"";}s:8:""thursday"";a:1:{i:0;s:16:""10:00 AM,6:00 PM"";}s:6:""friday"";a:1:{i:0;s:16:""10:00 AM,6:00 PM"";}s:8:""saturday"";a:0:{}s:6:""sunday"";a:0:{}}"
"Duluth Trading Co - Belleville, WI","publish","wpsl_stores","wpsl_phone","+16084241227"
"Duluth Trading Co - Belleville, WI","publish","wpsl_stores","wpsl_country_iso","US"
"Duluth Trading Co - Belleville, WI","publish","wpsl_stores","wpsl_lat","42.877002"
"Duluth Trading Co - Belleville, WI","publish","wpsl_stores","wpsl_lng","-89.533692"
"Scheels - South Dakota","publish","wpsl_stores","_edit_lock","1631287197:639"
"Scheels - South Dakota","publish","wpsl_stores","_edit_last","33"
"Scheels - South Dakota","publish","wpsl_stores","wpsl_address","1225 Eglin St"
"Scheels - South Dakota","publish","wpsl_stores","wpsl_city","Rapid City"
"Scheels - South Dakota","publish","wpsl_stores","wpsl_state","SD"
"Scheels - South Dakota","publish","wpsl_stores","wpsl_zip","57701"
"Scheels - South Dakota","publish","wpsl_stores","wpsl_country","United States"
"Scheels - South Dakota","publish","wpsl_stores","wpsl_hours","a:7:{s:6:""monday"";a:1:{i:0;s:15:""9:00 AM,9:00 PM"";}s:7:""tuesday"";a:1:{i:0;s:15:""9:00 AM,9:00 PM"";}s:9:""wednesday"";a:1:{i:0;s:15:""9:00 AM,9:00 PM"";}s:8:""thursday"";a:1:{i:0;s:15:""9:00 AM,9:00 PM"";}s:6:""friday"";a:1:{i:0;s:15:""9:00 AM,9:00 PM"";}s:8:""saturday"";a:1:{i:0;s:15:""9:00 AM,9:00 PM"";}s:6:""sunday"";a:1:{i:0;s:16:""11:00 AM,6:00 PM"";}}"
"Scheels - South Dakota","publish","wpsl_stores","wpsl_phone","(605) 342-9033"
"Scheels - South Dakota","publish","wpsl_stores","wpsl_country_iso","US"
"Scheels - South Dakota","publish","wpsl_stores","wpsl_lat","44.097012"
"Scheels - South Dakota","publish","wpsl_stores","wpsl_lng","-103.184189"
"MTB Shed","publish","wpsl_stores","_edit_lock","1619111486:33"
"MTB Shed","publish","wpsl_stores","_edit_last","33"
"MTB Shed","publish","wpsl_stores","wpsl_address","54 The Legends Pkwy Suite 153"
"MTB Shed","publish","wpsl_stores","wpsl_city","Eureka"
"MTB Shed","publish","wpsl_stores","wpsl_state","MO"
"MTB Shed","publish","wpsl_stores","wpsl_zip","63025"
"MTB Shed","publish","wpsl_stores","wpsl_country","United States"
"MTB Shed","publish","wpsl_stores","wpsl_hours","a:7:{s:6:""monday"";a:0:{}s:7:""tuesday"";a:1:{i:0;s:16:""11:00 AM,8:00 PM"";}s:9:""wednesday"";a:1:{i:0;s:16:""11:00 AM,8:00 PM"";}s:8:""thursday"";a:1:{i:0;s:16:""11:00 AM,8:00 PM"";}s:6:""friday"";a:1:{i:0;s:16:""11:00 AM,8:00 PM"";}s:8:""saturday"";a:1:{i:0;s:16:""11:00 AM,8:00 PM"";}s:6:""sunday"";a:1:{i:0;s:16:""10:00 AM,2:00 PM"";}}"
"MTB Shed","publish","wpsl_stores","wpsl_phone","(636) 549-3360"
"MTB Shed","publish","wpsl_stores","wpsl_country_iso","US"
"MTB Shed","publish","wpsl_stores","wpsl_lat","38.494906"
"MTB Shed","publish","wpsl_stores","wpsl_lng","-90.627469"
